dailyspending,coupons,coupons_preperiod,dailyspending_preperiod,income_bracket,age_range,married,rented,family_size
411.624,0,0,0,4,6,1,0,2
253.574444444444,0,0,411.624,4,6,1,0,2
261.673684210526,1,0,253.574444444444,4,6,1,0,2
0,1,1,0,5,4,1,0,2
0,1,1,0,5,4,1,0,2
27.3521052631579,1,1,0,5,4,1,0,2
0,0,0,0,5,4,0,0,1
0,0,0,0,5,4,0,0,1
0,0,0,0,5,4,0,0,1
360.188,0,0,0,1,6,0,0,2
216.451111111111,0,0,360.188,1,6,0,0,2
0,0,0,216.451111111111,1,6,0,0,2
0,0,0,0,7,4,1,0,2
163.928888888889,0,0,0,7,4,1,0,2
330.495789473684,0,0,163.928888888889,7,4,1,0,2
850.32,0,0,603.045,2,3,0,0,1
1478.30333333333,0,0,850.32,2,3,0,0,1
461.051578947368,1,0,1478.30333333333,2,3,0,0,1
468.188,1,1,493.515,6,2,1,1,2
406.422222222222,0,1,468.188,6,2,1,1,2
529.124736842105,0,0,406.422222222222,6,2,1,1,2
246.632,1,1,1477.52,6,4,1,0,2
19.3144444444444,0,1,246.632,6,4,1,0,2
255.919473684211,0,0,19.3144444444444,6,4,1,0,2
725.862,0,0,0,4,3,0,0,2
84.5777777777778,0,0,725.862,4,3,0,0,2
320.428421052632,0,0,84.5777777777778,4,3,0,0,2
0,0,0,0,8,3,1,0,2
0,0,0,0,8,3,1,0,2
136.367368421053,0,0,0,8,3,1,0,2
0,1,0,297.965,2,3,0,0,5
41.5177777777778,1,1,0,2,3,0,0,5
40.8326315789474,1,1,41.5177777777778,2,3,0,0,5
809.858,0,0,0,9,4,1,0,5
564.888888888889,0,0,809.858,9,4,1,0,5
401.941052631579,1,0,564.888888888889,9,4,1,0,5
678.842,1,1,0,4,3,1,0,2
597.664444444444,0,1,678.842,4,3,1,0,2
614.478421052632,0,0,597.664444444444,4,3,1,0,2
0,0,0,0,5,4,0,0,2
427.357777777778,0,0,0,5,4,0,0,2
24.8021052631579,1,0,427.357777777778,5,4,0,0,2
86.908,1,1,51.47,4,6,1,0,2
63.8744444444444,0,1,86.908,4,6,1,0,2
32.5452631578947,0,0,63.8744444444444,4,6,1,0,2
363.108,0,0,438.305,7,5,1,0,4
157.797777777778,0,0,363.108,7,5,1,0,4
338.2,0,0,157.797777777778,7,5,1,0,4
44.596,0,0,0,4,4,0,0,2
0,0,0,44.596,4,4,0,0,2
92.1042105263158,0,0,0,4,4,0,0,2
1427.288,1,1,369.72,9,2,1,0,4
884.282222222222,1,1,1427.288,9,2,1,0,4
470.782105263158,1,1,884.282222222222,9,2,1,0,4
75.372,1,1,0,1,4,1,0,5
426.407777777778,0,1,75.372,1,4,1,0,5
605.048421052632,0,0,426.407777777778,1,4,1,0,5
0,0,0,553.18,3,3,1,0,2
204.417777777778,0,0,0,3,3,1,0,2
34.1205263157895,0,0,204.417777777778,3,3,1,0,2
278.048,0,0,330.025,2,6,1,0,2
42.9022222222222,0,0,278.048,2,6,1,0,2
52.83,0,0,42.9022222222222,2,6,1,0,2
206.166,1,0,0,7,3,1,0,5
0,1,1,206.166,7,3,1,0,5
383.362105263158,1,1,0,7,3,1,0,5
0,0,0,0,4,6,0,0,1
770.103333333333,0,0,0,4,6,0,0,1
67.8652631578948,0,0,770.103333333333,4,6,0,0,1
0,0,0,1781,1,4,1,0,4
94.9866666666667,0,0,0,1,4,1,0,4
220.394210526316,1,0,94.9866666666667,1,4,1,0,4
0,1,1,224.41,4,3,1,0,5
550.367777777778,0,1,0,4,3,1,0,5
72.1773684210526,1,0,550.367777777778,4,3,1,0,5
0,0,0,0,1,2,0,0,3
206.002222222222,0,0,0,1,2,0,0,3
46.8863157894737,1,0,206.002222222222,1,2,0,0,3
868.132,1,1,114.695,2,2,1,0,2
0,0,1,868.132,2,2,1,0,2
122.85052631579,0,0,0,2,2,1,0,2
773.016,0,0,691.92,8,3,1,0,4
357.504444444444,0,0,773.016,8,3,1,0,4
1176.31842105263,1,0,357.504444444444,8,3,1,0,4
0,0,0,452.55,4,6,0,0,2
177.583333333333,0,0,0,4,6,0,0,2
93.0242105263158,0,0,177.583333333333,4,6,0,0,2
0,0,0,101.34,4,4,0,0,1
192.23,0,0,0,4,4,0,0,1
132.918947368421,0,0,192.23,4,4,0,0,1
46.306,0,0,0,4,4,0,0,2
135.591111111111,0,0,46.306,4,4,0,0,2
101.742631578947,0,0,135.591111111111,4,4,0,0,2
446.742,0,0,964.235,1,4,1,0,2
0,0,0,446.742,1,4,1,0,2
25.9831578947368,1,0,0,1,4,1,0,2
422.17,0,0,0,3,5,1,0,2
153.322222222222,0,0,422.17,3,5,1,0,2
56.5605263157895,0,0,153.322222222222,3,5,1,0,2
0,0,0,0,6,3,0,0,1
84.9722222222222,0,0,0,6,3,0,0,1
88.8621052631579,0,0,84.9722222222222,6,3,0,0,1
409.626,0,0,0,5,3,0,0,3
0,0,0,409.626,5,3,0,0,3
42.6121052631579,0,0,0,5,3,0,0,3
0,0,0,0,6,1,1,0,3
95.1433333333333,0,0,0,6,1,1,0,3
438.986315789474,0,0,95.1433333333333,6,1,1,0,3
97.242,0,0,0,4,5,1,0,2
438.045555555556,0,0,97.242,4,5,1,0,2
91.898947368421,0,0,438.045555555556,4,5,1,0,2
225.614,0,0,0,5,2,1,0,3
103.613333333333,0,0,225.614,5,2,1,0,3
282.972631578947,0,0,103.613333333333,5,2,1,0,3
45.452,0,0,0,4,4,1,0,2
189.576666666667,0,0,45.452,4,4,1,0,2
89.7989473684211,0,0,189.576666666667,4,4,1,0,2
0,0,0,0,6,4,1,0,2
0,0,0,0,6,4,1,0,2
744.250526315789,0,0,0,6,4,1,0,2
268,0,0,1617.485,1,3,1,0,3
8.39,0,0,268,1,3,1,0,3
373.896315789474,1,0,8.39,1,3,1,0,3
208.018,0,0,23.685,4,6,1,0,2
10.4477777777778,0,0,208.018,4,6,1,0,2
73.6768421052632,0,0,10.4477777777778,4,6,1,0,2
243.494,0,0,0,1,5,0,0,2
126.572222222222,0,0,243.494,1,5,0,0,2
172.380526315789,0,0,126.572222222222,1,5,0,0,2
449.098,0,0,0,2,4,1,0,2
351.724444444444,0,0,449.098,2,4,1,0,2
388.481578947368,0,0,351.724444444444,2,4,1,0,2
815.27,0,0,0,9,5,1,0,2
278.467777777778,0,0,815.27,9,5,1,0,2
551.356842105263,1,0,278.467777777778,9,5,1,0,2
0,1,1,774.195,4,4,1,0,2
90.87,0,1,0,4,4,1,0,2
0,0,0,90.87,4,4,1,0,2
0,0,0,0,4,3,1,0,2
167.252222222222,0,0,0,4,3,1,0,2
179.169473684211,0,0,167.252222222222,4,3,1,0,2
0,1,1,0,12,3,1,0,5
971.435555555555,0,1,0,12,3,1,0,5
403.799473684211,0,0,971.435555555555,12,3,1,0,5
0,0,0,0,6,4,1,0,5
312.701111111111,0,0,0,6,4,1,0,5
413.301578947368,0,0,312.701111111111,6,4,1,0,5
0,0,0,0,8,3,1,0,4
0,0,0,0,8,3,1,0,4
566.410526315789,0,0,0,8,3,1,0,4
0,0,0,0,1,3,1,1,3
22.8355555555556,0,0,0,1,3,1,1,3
196.92,0,0,22.8355555555556,1,3,1,1,3
169.336,0,0,0,5,3,0,0,1
9.89444444444444,0,0,169.336,5,3,0,0,1
9.37368421052632,0,0,9.89444444444444,5,3,0,0,1
356.27,0,0,0,5,2,1,0,2
528.755555555556,0,0,356.27,5,2,1,0,2
0,0,0,528.755555555556,5,2,1,0,2
0,0,0,879.99,7,4,0,0,1
225.791111111111,0,0,0,7,4,0,0,1
411.616315789474,0,0,225.791111111111,7,4,0,0,1
197.05,1,1,0,5,2,1,0,4
189.696666666667,0,1,197.05,5,2,1,0,4
57.1605263157895,1,0,189.696666666667,5,2,1,0,4
215.996,0,0,0,1,5,1,0,2
54.0622222222222,0,0,215.996,1,5,1,0,2
36.4068421052632,1,0,54.0622222222222,1,5,1,0,2
0,1,1,35.44,4,3,1,0,4
619.272222222222,0,1,0,4,3,1,0,4
429.445789473684,1,0,619.272222222222,4,3,1,0,4
0,0,0,0,6,4,1,0,2
298.294444444445,0,0,0,6,4,1,0,2
362.741578947368,1,0,298.294444444445,6,4,1,0,2
63.972,1,1,0,7,4,1,0,2
366.524444444444,0,1,63.972,7,4,1,0,2
303.911052631579,0,0,366.524444444444,7,4,1,0,2
0,0,0,0,8,3,1,0,5
709.19,0,0,0,8,3,1,0,5
190.472105263158,1,0,709.19,8,3,1,0,5
108.358,0,0,191.28,1,4,1,0,2
148.375555555556,0,0,108.358,1,4,1,0,2
84.7942105263158,0,0,148.375555555556,1,4,1,0,2
0,0,0,843.12,5,6,1,0,2
232.677777777778,0,0,0,5,6,1,0,2
264.167894736842,0,0,232.677777777778,5,6,1,0,2
0,0,0,0,5,4,1,0,4
0,0,0,0,5,4,1,0,4
421.683157894737,0,0,0,5,4,1,0,4
147.252,0,0,106.5,9,4,1,0,2
255.155555555556,0,0,147.252,9,4,1,0,2
333.851052631579,0,0,255.155555555556,9,4,1,0,2
751.22,0,0,0,4,2,1,0,5
433.375555555556,0,0,751.22,4,2,1,0,5
611.553684210526,1,0,433.375555555556,4,2,1,0,5
569.206,1,1,24.755,5,5,1,0,2
585.511111111111,0,1,569.206,5,5,1,0,2
311.806842105263,0,0,585.511111111111,5,5,1,0,2
731.488,0,0,0,6,3,1,0,3
707.251111111111,0,0,731.488,6,3,1,0,3
606.342631578947,1,0,707.251111111111,6,3,1,0,3
0,0,0,0,5,4,1,0,2
157.675555555556,0,0,0,5,4,1,0,2
23.9778947368421,0,0,157.675555555556,5,4,1,0,2
55.282,0,0,343.195,5,5,1,0,2
127.715555555556,0,0,55.282,5,5,1,0,2
174.95,0,0,127.715555555556,5,5,1,0,2
0,1,0,226.005,4,2,0,0,2
108.085555555556,1,1,0,4,2,0,0,2
85.9573684210526,1,1,108.085555555556,4,2,0,0,2
279.688,0,0,845.455,3,3,0,0,1
215.976666666667,0,0,279.688,3,3,0,0,1
287.565789473684,0,0,215.976666666667,3,3,0,0,1
0,0,0,373.65,5,2,0,0,1
190.526666666667,0,0,0,5,2,0,0,1
254.718421052632,0,0,190.526666666667,5,2,0,0,1
122.676,0,0,0,3,4,0,1,1
11.8333333333333,0,0,122.676,3,4,0,1,1
75.4026315789474,0,0,11.8333333333333,3,4,0,1,1
21.372,0,0,0,3,6,0,0,1
121.977777777778,0,0,21.372,3,6,0,0,1
363.678421052632,0,0,121.977777777778,3,6,0,0,1
677.848,0,0,0,12,3,1,0,3
127.401111111111,0,0,677.848,12,3,1,0,3
458.557368421053,1,0,127.401111111111,12,3,1,0,3
782.85,0,0,0,9,3,1,0,3
968.943333333333,0,0,782.85,9,3,1,0,3
1349.51947368421,0,0,968.943333333333,9,3,1,0,3
346.436,1,1,640.615,3,2,1,0,2
202.398888888889,0,1,346.436,3,2,1,0,2
321.683684210526,0,0,202.398888888889,3,2,1,0,2
118.044,1,1,0,3,1,0,0,2
0,0,1,118.044,3,1,0,0,2
226.673157894737,0,0,0,3,1,0,0,2
150.744,0,0,53.43,4,5,1,0,5
25.5666666666667,0,0,150.744,4,5,1,0,5
45.9305263157895,0,0,25.5666666666667,4,5,1,0,5
231.458,0,0,0,2,6,1,0,2
31.86,0,0,231.458,2,6,1,0,2
20.6405263157895,1,0,31.86,2,6,1,0,2
0,0,0,0,2,3,1,0,3
316.778888888889,0,0,0,2,3,1,0,3
161.114736842105,1,0,316.778888888889,2,3,1,0,3
0,1,0,0,5,2,1,0,5
0,1,1,0,5,2,1,0,5
127.817368421053,1,1,0,5,2,1,0,5
606.678,0,0,0,5,3,1,0,2
196.146666666667,0,0,606.678,5,3,1,0,2
249.639473684211,0,0,196.146666666667,5,3,1,0,2
0,0,0,0,5,4,0,0,1
71.8722222222222,0,0,0,5,4,0,0,1
133.573157894737,0,0,71.8722222222222,5,4,0,0,1
393.318,1,1,217.995,3,4,1,0,2
100.051111111111,0,1,393.318,3,4,1,0,2
186.086842105263,0,0,100.051111111111,3,4,1,0,2
471.956,0,0,0,1,2,0,1,2
211.698888888889,0,0,471.956,1,2,0,1,2
43.3436842105263,0,0,211.698888888889,1,2,0,1,2
0,0,0,0,5,1,0,0,2
484.51,0,0,0,5,1,0,0,2
484.187368421053,0,0,484.51,5,1,0,0,2
0,1,1,102.765,4,5,1,0,2
395.897777777778,0,1,0,4,5,1,0,2
82.17,1,0,395.897777777778,4,5,1,0,2
14.248,0,0,148.18,3,6,0,0,1
0,0,0,14.248,3,6,0,0,1
100.26,0,0,0,3,6,0,0,1
0,0,0,0,5,6,1,0,2
333.52,0,0,0,5,6,1,0,2
137.437368421053,0,0,333.52,5,6,1,0,2
624.346,0,0,1073.41,6,3,1,0,5
0,0,0,624.346,6,3,1,0,5
80.9705263157895,0,0,0,6,3,1,0,5
62.478,0,0,0,6,4,1,0,2
28.7733333333333,0,0,62.478,6,4,1,0,2
516.673684210526,0,0,28.7733333333333,6,4,1,0,2
747.73,1,1,0,12,3,1,0,3
145.488888888889,0,1,747.73,12,3,1,0,3
253.07,1,0,145.488888888889,12,3,1,0,3
937.872,0,0,0,6,4,1,0,2
769.664444444444,0,0,937.872,6,4,1,0,2
695.037368421053,0,0,769.664444444444,6,4,1,0,2
236.946,0,0,77.295,4,6,0,0,1
279.537777777778,0,0,236.946,4,6,0,0,1
313.978421052632,0,0,279.537777777778,4,6,0,0,1
0,0,0,0,5,2,0,0,1
285.591111111111,0,0,0,5,2,0,0,1
154.871052631579,0,0,285.591111111111,5,2,0,0,1
366.738,0,0,0,4,3,1,0,3
102.822222222222,0,0,366.738,4,3,1,0,3
163.758421052632,0,0,102.822222222222,4,3,1,0,3
264.514,0,0,0,6,3,0,0,2
376.545555555556,0,0,264.514,6,3,0,0,2
157.403684210526,0,0,376.545555555556,6,3,0,0,2
0,1,0,219.77,12,3,1,0,3
0,1,1,0,12,3,1,0,3
219.211578947368,1,1,0,12,3,1,0,3
0,1,0,0,6,3,1,0,3
461.116666666667,1,1,0,6,3,1,0,3
421.066842105263,1,1,461.116666666667,6,3,1,0,3
0,1,1,223.69,4,5,1,0,2
48.9577777777778,0,1,0,4,5,1,0,2
28.1021052631579,0,0,48.9577777777778,4,5,1,0,2
0,0,0,590.575,8,4,1,0,3
0,0,0,0,8,4,1,0,3
41.9194736842105,0,0,0,8,4,1,0,3
0,0,0,0,2,3,0,0,1
121.782222222222,0,0,0,2,3,0,0,1
35.1889473684211,0,0,121.782222222222,2,3,0,0,1
318.868,1,0,0,4,1,1,1,3
0,1,1,318.868,4,1,1,1,3
251.046842105263,1,1,0,4,1,1,1,3
702.992,1,0,463.775,5,3,1,0,5
476.833333333333,1,1,702.992,5,3,1,0,5
269.829473684211,1,1,476.833333333333,5,3,1,0,5
0,0,0,106.86,2,4,1,0,3
112.162222222222,0,0,0,2,4,1,0,3
80.4447368421053,1,0,112.162222222222,2,4,1,0,3
119.254,1,1,0,3,3,0,0,1
316.422222222222,0,1,119.254,3,3,0,0,1
33.67,0,0,316.422222222222,3,3,0,0,1
1349.7,0,0,419.78,7,3,1,0,4
19.6288888888889,0,0,1349.7,7,3,1,0,4
75.5878947368421,1,0,19.6288888888889,7,3,1,0,4
357.55,1,0,1814.31,6,2,1,0,4
775.484444444445,1,1,357.55,6,2,1,0,4
360.059473684211,1,1,775.484444444445,6,2,1,0,4
192.988,1,0,0,3,2,0,1,5
398.27,1,1,192.988,3,2,0,1,5
274.818947368421,1,1,398.27,3,2,0,1,5
354.704,0,0,111.67,2,3,1,0,4
246.448888888889,0,0,354.704,2,3,1,0,4
120.938421052632,1,0,246.448888888889,2,3,1,0,4
0,0,0,0,4,4,1,0,3
3.48333333333333,0,0,0,4,4,1,0,3
14.0415789473684,0,0,3.48333333333333,4,4,1,0,3
0,0,0,0,4,3,1,0,3
262.237777777778,0,0,0,4,3,1,0,3
226.45,0,0,262.237777777778,4,3,1,0,3
389.538,0,0,46.13,7,6,1,0,3
634.706666666667,0,0,389.538,7,6,1,0,3
443.282105263158,0,0,634.706666666667,7,6,1,0,3
35.548,0,0,347.995,6,6,1,0,2
74.4422222222222,0,0,35.548,6,6,1,0,2
136.760526315789,0,0,74.4422222222222,6,6,1,0,2
744.6,0,0,0,5,3,1,1,4
0,0,0,744.6,5,3,1,1,4
167.002105263158,1,0,0,5,3,1,1,4
824.38,0,0,0,5,5,1,0,2
236.318888888889,0,0,824.38,5,5,1,0,2
53.6731578947368,1,0,236.318888888889,5,5,1,0,2
199.188,0,0,0,4,5,1,0,3
480.791111111111,0,0,199.188,4,5,1,0,3
247.352631578947,0,0,480.791111111111,4,5,1,0,3
294.722,0,0,191.63,8,6,1,0,2
897.583333333333,0,0,294.722,8,6,1,0,2
674.359473684211,0,0,897.583333333333,8,6,1,0,2
344.014,0,0,923.625,1,3,1,0,2
634.986666666667,0,0,344.014,1,3,1,0,2
396.656315789474,0,0,634.986666666667,1,3,1,0,2
0,1,1,0,8,3,1,0,3
0,0,1,0,8,3,1,0,3
182.073684210526,1,0,0,8,3,1,0,3
251.688,0,0,0,2,6,0,0,1
843.756666666667,0,0,251.688,2,6,0,0,1
90.4936842105263,0,0,843.756666666667,2,6,0,0,1
1190.062,0,0,160.11,4,3,0,0,3
445.444444444444,0,0,1190.062,4,3,0,0,3
530.885263157895,1,0,445.444444444444,4,3,0,0,3
590.292,0,0,0,5,4,1,0,2
0,0,0,590.292,5,4,1,0,2
921.335789473684,0,0,0,5,4,1,0,2
21.372,1,1,0,5,4,0,0,2
40.2111111111111,0,1,21.372,5,4,0,0,2
221.555789473684,0,0,40.2111111111111,5,4,0,0,2
0,0,0,266.97,7,2,1,0,5
1399.50111111111,0,0,0,7,2,1,0,5
442.416842105263,1,0,1399.50111111111,7,2,1,0,5
55.07,1,1,0,7,3,1,0,4
98.0344444444444,0,1,55.07,7,3,1,0,4
0,0,0,98.0344444444444,7,3,1,0,4
849.89,0,0,0,5,6,1,0,2
525.076666666667,0,0,849.89,5,6,1,0,2
509.193684210526,1,0,525.076666666667,5,6,1,0,2
571.766,0,0,173.47,2,5,1,0,2
292.358888888889,0,0,571.766,2,5,1,0,2
119.552105263158,0,0,292.358888888889,2,5,1,0,2
0,0,0,0,6,4,1,0,5
0,0,0,0,6,4,1,0,5
17.7352631578947,0,0,0,6,4,1,0,5
1094.882,1,0,624.245,3,4,1,0,5
325.805555555556,1,1,1094.882,3,4,1,0,5
1058.36315789474,1,1,325.805555555556,3,4,1,0,5
122.602,1,1,0,5,3,1,0,2
341.238888888889,0,1,122.602,5,3,1,0,2
185.973684210526,0,0,341.238888888889,5,3,1,0,2
0,1,1,0,6,5,1,0,4
176.596666666667,0,1,0,6,5,1,0,4
95.3678947368421,1,0,176.596666666667,6,5,1,0,4
579.108,0,0,0,6,4,1,0,2
36.7677777777778,0,0,579.108,6,4,1,0,2
105.172631578947,0,0,36.7677777777778,6,4,1,0,2
197.404,1,1,0,10,4,1,0,2
447.783333333333,0,1,197.404,10,4,1,0,2
108.827894736842,0,0,447.783333333333,10,4,1,0,2
434.918,0,0,1530.755,2,3,1,1,4
164.801111111111,0,0,434.918,2,3,1,1,4
228.924210526316,1,0,164.801111111111,2,3,1,1,4
0,0,0,328.6,1,4,0,0,3
79.1555555555556,0,0,0,1,4,0,0,3
58.5668421052632,0,0,79.1555555555556,1,4,0,0,3
0,0,0,715.245,6,3,1,1,2
0,0,0,0,6,3,1,1,2
272.435789473684,0,0,0,6,3,1,1,2
0,1,0,0,8,2,1,0,5
1075.96,1,1,0,8,2,1,0,5
749.278421052632,1,1,1075.96,8,2,1,0,5
313.948,1,1,994.495,8,3,1,1,2
505.804444444445,0,1,313.948,8,3,1,1,2
484.784736842105,1,0,505.804444444445,8,3,1,1,2
56.848,0,0,0,5,3,1,0,5
433.057777777778,0,0,56.848,5,3,1,0,5
235.746842105263,0,0,433.057777777778,5,3,1,0,5
876.244,0,0,0,9,4,1,0,2
417.417777777778,0,0,876.244,9,4,1,0,2
433.415789473684,0,0,417.417777777778,9,4,1,0,2
316.446,0,0,133.385,5,3,1,1,2
270.984444444444,0,0,316.446,5,3,1,1,2
445.002631578947,1,0,270.984444444444,5,3,1,1,2
317.59,0,0,0,7,4,1,0,2
113.983333333333,0,0,317.59,7,4,1,0,2
66.8526315789474,0,0,113.983333333333,7,4,1,0,2
0,0,0,0,6,6,1,0,2
0,0,0,0,6,6,1,0,2
0,0,0,0,6,6,1,0,2
0,0,0,0,3,2,0,0,1
218.548888888889,0,0,0,3,2,0,0,1
73.0026315789474,0,0,218.548888888889,3,2,0,0,1
445.89,1,0,424.94,4,2,1,0,2
437.174444444444,1,1,445.89,4,2,1,0,2
645.747368421053,1,1,437.174444444444,4,2,1,0,2
526.034,1,0,0,6,3,1,0,2
247.321111111111,1,1,526.034,6,3,1,0,2
142.967894736842,1,1,247.321111111111,6,3,1,0,2
414.9,1,1,0,9,3,1,0,3
147.505555555556,0,1,414.9,9,3,1,0,3
187.680526315789,0,0,147.505555555556,9,3,1,0,3
73.234,0,0,0,5,3,1,0,3
105.551111111111,0,0,73.234,5,3,1,0,3
116.888947368421,0,0,105.551111111111,5,3,1,0,3
1002.552,1,1,0,10,4,1,0,2
539.997777777778,0,1,1002.552,10,4,1,0,2
476.93052631579,1,0,539.997777777778,10,4,1,0,2
0,0,0,1172.425,5,4,0,0,3
444.211111111111,0,0,0,5,4,0,0,3
360.49,0,0,444.211111111111,5,4,0,0,3
386.258,0,0,123.425,6,3,1,0,5
650.06,0,0,386.258,6,3,1,0,5
429.835263157895,1,0,650.06,6,3,1,0,5
367.456,0,0,0,11,4,1,0,2
150.907777777778,0,0,367.456,11,4,1,0,2
236.514210526316,1,0,150.907777777778,11,4,1,0,2
0,1,1,26.715,5,1,0,0,1
357.147777777778,0,1,0,5,1,0,0,1
397.217894736842,1,0,357.147777777778,5,1,0,0,1
804.078,0,0,211.225,10,2,0,0,1
701.39,0,0,804.078,10,2,0,0,1
772.985789473684,0,0,701.39,10,2,0,0,1
198.118,0,0,140.34,4,5,0,0,1
716.633333333333,0,0,198.118,4,5,0,0,1
66.0468421052632,0,0,716.633333333333,4,5,0,0,1
521.402,0,0,0,4,6,1,0,3
0,0,0,521.402,4,6,1,0,3
285.71,1,0,0,4,6,1,0,3
1052.352,0,0,0,4,6,1,0,2
243.008888888889,0,0,1052.352,4,6,1,0,2
328.266315789474,1,0,243.008888888889,4,6,1,0,2
0,1,1,0,11,3,1,0,3
248.034444444444,0,1,0,11,3,1,0,3
0,1,0,248.034444444444,11,3,1,0,3
706.418,0,0,0,5,3,0,0,2
271.227777777778,0,0,706.418,5,3,0,0,2
73.1894736842105,0,0,271.227777777778,5,3,0,0,2
216.78,1,1,196.44,4,3,1,0,2
391.776666666667,0,1,216.78,4,3,1,0,2
287.264736842105,0,0,391.776666666667,4,3,1,0,2
186.292,0,0,437.77,7,3,1,0,2
487.318888888889,0,0,186.292,7,3,1,0,2
421.909473684211,0,0,487.318888888889,7,3,1,0,2
285.032,1,0,1088.545,5,2,1,0,4
1316.22777777778,1,1,285.032,5,2,1,0,4
339.585789473684,1,1,1316.22777777778,5,2,1,0,4
711.756,0,0,0,8,5,1,0,2
460.407777777778,0,0,711.756,8,5,1,0,2
436.624736842105,0,0,460.407777777778,8,5,1,0,2
655.408,0,0,311.145,4,3,1,0,2
814.195555555556,0,0,655.408,4,3,1,0,2
1167.60263157895,0,0,814.195555555556,4,3,1,0,2
517.632,1,1,160.29,1,5,1,0,2
116.554444444444,0,1,517.632,1,5,1,0,2
283.29052631579,0,0,116.554444444444,1,5,1,0,2
6.27,0,0,94.035,7,4,1,0,3
83.5488888888889,0,0,6.27,7,4,1,0,3
347.424736842105,0,0,83.5488888888889,7,4,1,0,3
444.888,0,0,0,8,2,1,0,2
343.692222222222,0,0,444.888,8,2,1,0,2
239.028421052632,0,0,343.692222222222,8,2,1,0,2
17.81,0,0,114.88,4,4,1,0,5
503.865555555556,0,0,17.81,4,4,1,0,5
318.894736842105,0,0,503.865555555556,4,4,1,0,5
79.934,0,0,0,3,4,0,1,2
122.095555555556,0,0,79.934,3,4,0,1,2
295.53,0,0,122.095555555556,3,4,0,1,2
206.522,1,1,0,11,1,1,0,2
264.38,0,1,206.522,11,1,1,0,2
77.9505263157895,0,0,264.38,11,1,1,0,2
152.098,0,0,0,4,6,0,0,1
31.6222222222222,0,0,152.098,4,6,0,0,1
20.1726315789474,0,0,31.6222222222222,4,6,0,0,1
0,0,0,0,8,3,1,0,5
58.8111111111111,0,0,0,8,3,1,0,5
86.6873684210526,0,0,58.8111111111111,8,3,1,0,5
0,0,0,0,4,3,0,1,2
566.91,0,0,0,4,3,0,1,2
267.821578947368,0,0,566.91,4,3,0,1,2
0,0,0,0,4,2,1,0,3
271.065555555556,0,0,0,4,2,1,0,3
264.187368421053,0,0,271.065555555556,4,2,1,0,3
0,0,0,3565.345,5,3,1,0,4
1058.06444444444,0,0,0,5,3,1,0,4
573.535789473684,0,0,1058.06444444444,5,3,1,0,4
1975.754,0,0,0,11,2,1,0,5
402.62,0,0,1975.754,11,2,1,0,5
877.973684210526,0,0,402.62,11,2,1,0,5
305.476,0,0,357.09,4,3,0,0,2
303.52,0,0,305.476,4,3,0,0,2
537.921052631579,0,0,303.52,4,3,0,0,2
34.268,0,0,0,4,4,1,0,3
0,0,0,34.268,4,4,1,0,3
202.077368421053,0,0,0,4,4,1,0,3
235.23,1,1,0,5,5,1,0,5
69.0233333333333,0,1,235.23,5,5,1,0,5
201.326842105263,1,0,69.0233333333333,5,5,1,0,5
220.628,0,0,129.655,3,5,1,0,2
20.6588888888889,0,0,220.628,3,5,1,0,2
51.1052631578948,0,0,20.6588888888889,3,5,1,0,2
0,0,0,252.365,4,3,1,0,5
0,0,0,0,4,3,1,0,5
18.6905263157895,0,0,0,4,3,1,0,5
352.564,0,0,0,2,4,1,0,4
121.504444444444,0,0,352.564,2,4,1,0,4
102.508421052632,1,0,121.504444444444,2,4,1,0,4
0,0,0,0,4,4,1,0,5
73.06,0,0,0,4,4,1,0,5
57.7042105263158,0,0,73.06,4,4,1,0,5
0,0,0,1176.345,3,4,1,0,2
686.514444444445,0,0,0,3,4,1,0,2
370.315263157895,1,0,686.514444444445,3,4,1,0,2
0,0,0,0,5,3,1,0,5
0,0,0,0,5,3,1,0,5
18.7284210526316,0,0,0,5,3,1,0,5
0,0,0,0,1,2,1,0,4
1350.74555555556,0,0,0,1,2,1,0,4
292.665263157895,0,0,1350.74555555556,1,2,1,0,4
956.254,0,0,89.05,6,3,1,0,2
425.46,0,0,956.254,6,3,1,0,2
436.698421052632,0,0,425.46,6,3,1,0,2
486.498,1,1,0,7,2,0,0,1
292.081111111111,0,1,486.498,7,2,0,0,1
346.223157894737,0,0,292.081111111111,7,2,0,0,1
63.9,0,0,86.73,1,2,1,0,2
53.8655555555556,0,0,63.9,1,2,1,0,2
344.686315789474,1,0,53.8655555555556,1,2,1,0,2
226.258,1,1,0,7,5,1,0,2
201.253333333333,0,1,226.258,7,5,1,0,2
149.491052631579,0,0,201.253333333333,7,5,1,0,2
378.212,0,0,0,4,3,0,1,2
215.183333333333,0,0,378.212,4,3,0,1,2
224.798947368421,0,0,215.183333333333,4,3,0,1,2
539.928,0,0,0,4,4,1,0,4
294.497777777778,0,0,539.928,4,4,1,0,4
596.483157894737,1,0,294.497777777778,4,4,1,0,4
51.08,0,0,74.27,4,2,0,0,2
45.8711111111111,0,0,51.08,4,2,0,0,2
0,0,0,45.8711111111111,4,2,0,0,2
1015.878,0,0,908.48,6,5,1,0,2
100.012222222222,0,0,1015.878,6,5,1,0,2
580.90052631579,0,0,100.012222222222,6,5,1,0,2
148.034,0,0,0,6,4,1,0,2
71.9511111111111,0,0,148.034,6,4,1,0,2
617.815263157895,1,0,71.9511111111111,6,4,1,0,2
1130.356,0,0,0,6,4,1,0,5
190.17,0,0,1130.356,6,4,1,0,5
154.14,1,0,190.17,6,4,1,0,5
0,0,0,355.84,5,3,1,0,3
58.3377777777778,0,0,0,5,3,1,0,3
312.366842105263,0,0,58.3377777777778,5,3,1,0,3
0,1,1,0,5,4,1,0,3
145.132222222222,1,1,0,5,4,1,0,3
179.299473684211,1,1,145.132222222222,5,4,1,0,3
0,0,0,0,1,3,0,1,4
0,0,0,0,1,3,0,1,4
0,0,0,0,1,3,0,1,4
1026.214,0,0,0,2,5,1,0,2
14.2088888888889,0,0,1026.214,2,5,1,0,2
65.4468421052632,0,0,14.2088888888889,2,5,1,0,2
158.578,1,0,0,5,4,0,0,3
0,1,1,158.578,5,4,0,0,3
0,1,1,0,5,4,0,0,3
61.908,0,0,101.16,4,6,0,0,1
129.261111111111,0,0,61.908,4,6,0,0,1
99.3042105263158,1,0,129.261111111111,4,6,0,0,1
648.708,0,0,0,5,4,1,0,2
786.721111111111,0,0,648.708,5,4,1,0,2
749.591578947368,0,0,786.721111111111,5,4,1,0,2
684.4,1,0,105.255,4,3,0,0,4
245.065555555556,1,1,684.4,4,3,0,0,4
254.532105263158,1,1,245.065555555556,4,3,0,0,4
0,1,1,0,4,4,1,0,2
236.753333333333,1,1,0,4,4,1,0,2
89.9115789473684,1,1,236.753333333333,4,4,1,0,2
0,1,0,0,2,4,1,0,2
0,1,1,0,2,4,1,0,2
0,1,1,0,2,4,1,0,2
977.836,0,0,988.455,8,4,1,0,3
649.67,0,0,977.836,8,4,1,0,3
536.415263157895,0,0,649.67,8,4,1,0,3
0,0,0,0,2,1,1,0,2
244.985555555556,0,0,0,2,1,1,0,2
362.685263157895,1,0,244.985555555556,2,1,1,0,2
497.89,0,0,336.78,5,2,0,0,1
93.5611111111111,0,0,497.89,5,2,0,0,1
548.844736842105,0,0,93.5611111111111,5,2,0,0,1
0,1,1,427.255,5,2,1,0,2
369.575555555556,0,1,0,5,2,1,0,2
406.777894736842,0,0,369.575555555556,5,2,1,0,2
1586.434,1,1,0,5,3,1,0,2
282.701111111111,0,1,1586.434,5,3,1,0,2
467.894736842105,1,0,282.701111111111,5,3,1,0,2
21.3,1,1,134.64,5,4,1,0,5
0,0,1,21.3,5,4,1,0,5
441.030526315789,0,0,0,5,4,1,0,5
0,0,0,691.92,9,3,1,0,2
303.878888888889,0,0,0,9,3,1,0,2
516.378421052632,1,0,303.878888888889,9,3,1,0,2
1002.198,0,0,0,4,4,1,0,4
240.947777777778,0,0,1002.198,4,4,1,0,4
65.6157894736842,0,0,240.947777777778,4,4,1,0,4
67.536,0,0,138.205,2,1,1,0,3
19.7488888888889,0,0,67.536,2,1,1,0,3
36.0705263157895,0,0,19.7488888888889,2,1,1,0,3
0,0,0,1261.1,4,2,0,0,3
266.674444444444,0,0,0,4,2,0,0,3
268.853157894737,0,0,266.674444444444,4,2,0,0,3
0,1,0,163.315,9,5,1,0,2
1146.08777777778,1,1,0,9,5,1,0,2
595.73,1,1,1146.08777777778,9,5,1,0,2
309.106,0,0,0,4,4,0,0,2
246.845555555556,0,0,309.106,4,4,0,0,2
189.965789473684,0,0,246.845555555556,4,4,0,0,2
0,0,0,1244.02,4,3,1,0,2
289.192222222222,0,0,0,4,3,1,0,2
244.105263157895,0,0,289.192222222222,4,3,1,0,2
448.386,0,0,0,3,4,1,0,2
367.636666666667,0,0,448.386,3,4,1,0,2
317.656315789474,0,0,367.636666666667,3,4,1,0,2
0,0,0,0,2,2,0,0,1
0,0,0,0,2,2,0,0,1
221.780526315789,0,0,0,2,2,0,0,1
390.318,0,0,480.87,4,6,1,0,2
435.746666666667,0,0,390.318,4,6,1,0,2
534.204210526316,0,0,435.746666666667,4,6,1,0,2
0,0,0,548.535,3,2,0,1,3
396.163333333333,0,0,0,3,2,0,1,3
282.016315789474,0,0,396.163333333333,3,2,0,1,3
0,0,0,567.245,4,5,1,0,2
191.396666666667,0,0,0,4,5,1,0,2
72.6268421052632,0,0,191.396666666667,4,5,1,0,2
0,0,0,594.315,3,6,1,0,2
0,0,0,0,3,6,1,0,2
100.448947368421,1,0,0,3,6,1,0,2
10.686,0,0,0,5,4,1,0,4
0,0,0,10.686,5,4,1,0,4
280.684210526316,0,0,0,5,4,1,0,4
611.528,1,0,0,1,1,0,1,2
182.055555555556,1,1,611.528,1,1,0,1,2
276.469473684211,1,1,182.055555555556,1,1,0,1,2
0,0,0,0,5,6,1,0,2
441.524444444445,0,0,0,5,6,1,0,2
511.837894736842,0,0,441.524444444445,5,6,1,0,2
0,0,0,0,2,6,0,0,2
61.2666666666667,0,0,0,2,6,0,0,2
126.449473684211,0,0,61.2666666666667,2,6,0,0,2
0,0,0,0,3,5,1,0,2
266.555555555556,0,0,0,3,5,1,0,2
267.467894736842,0,0,266.555555555556,3,5,1,0,2
0,0,0,57.88,7,6,0,0,1
3.91777777777778,0,0,0,7,6,0,0,1
56.0915789473684,0,0,3.91777777777778,7,6,0,0,1
167.768,0,0,168.835,1,2,0,0,1
244.351111111111,0,0,167.768,1,2,0,0,1
74.4826315789474,0,0,244.351111111111,1,2,0,0,1
639.23,0,0,0,7,3,1,0,3
114.575555555556,0,0,639.23,7,3,1,0,3
214.411052631579,0,0,114.575555555556,7,3,1,0,3
0,0,0,0,7,6,1,0,2
0,0,0,0,7,6,1,0,2
0,0,0,0,7,6,1,0,2
450.306,0,0,0,5,4,1,0,2
427.793333333333,0,0,450.306,5,4,1,0,2
0,0,0,427.793333333333,5,4,1,0,2
10.686,0,0,271.78,9,3,0,0,1
272.807777777778,0,0,10.686,9,3,0,0,1
86.4821052631579,0,0,272.807777777778,9,3,0,0,1
88.124,1,1,0,5,4,1,0,2
151.066666666667,0,1,88.124,5,4,1,0,2
91.7678947368421,0,0,151.066666666667,5,4,1,0,2
351.354,0,0,0,8,6,1,0,2
176.437777777778,0,0,351.354,8,6,1,0,2
178.286315789474,0,0,176.437777777778,8,6,1,0,2
193.772,1,1,0,4,4,0,1,1
306.41,0,1,193.772,4,4,0,1,1
257.87,1,0,306.41,4,4,0,1,1
577.97,0,0,0,5,4,1,0,3
0,0,0,577.97,5,4,1,0,3
202.377894736842,0,0,0,5,4,1,0,3
324.642,0,0,641.34,4,2,1,0,3
395.34,0,0,324.642,4,2,1,0,3
399.203684210526,0,0,395.34,4,2,1,0,3
205.386,0,0,108.815,5,3,1,0,2
454.354444444445,0,0,205.386,5,3,1,0,2
426.858947368421,0,0,454.354444444445,5,3,1,0,2
0,1,1,996.29,5,1,0,0,3
341.277777777778,0,1,0,5,1,0,0,3
140.416842105263,0,0,341.277777777778,5,1,0,0,3
101.944,1,1,0,4,4,0,1,1
15.8311111111111,0,1,101.944,4,4,0,1,1
39.2005263157895,0,0,15.8311111111111,4,4,0,1,1
1966.432,1,1,0,4,3,1,0,3
1117.59,0,1,1966.432,4,3,1,0,3
1335.16315789474,1,0,1117.59,4,3,1,0,3
35.62,0,0,0,2,2,1,0,3
0,0,0,35.62,2,2,1,0,3
246.206842105263,1,0,0,2,2,1,0,3
45.096,0,0,735.725,1,3,1,0,2
295.408888888889,0,0,45.096,1,3,1,0,2
282.841578947368,1,0,295.408888888889,1,3,1,0,2
0,1,0,817.12,8,4,1,0,5
949.902222222222,1,1,0,8,4,1,0,5
214.562105263158,1,1,949.902222222222,8,4,1,0,5
104.934,0,0,0,3,4,1,0,3
68.3122222222222,0,0,104.934,3,4,1,0,3
88.3747368421053,0,0,68.3122222222222,3,4,1,0,3
202.462,0,0,122.35,8,4,1,0,3
1643.64777777778,0,0,202.462,8,4,1,0,3
886.911052631579,1,0,1643.64777777778,8,4,1,0,3
584.024,1,1,0,6,6,1,0,2
410.102222222222,0,1,584.024,6,6,1,0,2
342.888947368421,0,0,410.102222222222,6,6,1,0,2
445.742,0,0,320.22,5,2,1,1,2
260.223333333333,0,0,445.742,5,2,1,1,2
161.225263157895,1,0,260.223333333333,5,2,1,1,2
136.144,0,0,129.475,5,3,1,0,4
124.472222222222,0,0,136.144,5,3,1,0,4
231.266842105263,0,0,124.472222222222,5,3,1,0,4
240.432,0,0,0,6,6,1,0,2
281.594444444444,0,0,240.432,6,6,1,0,2
309.93,0,0,281.594444444444,6,6,1,0,2
524.962,0,0,1512.065,5,2,0,0,1
786.962222222222,0,0,524.962,5,2,0,0,1
951.501052631579,1,0,786.962222222222,5,2,0,0,1
53.358,0,0,0,4,1,1,0,2
244.352222222222,0,0,53.358,4,1,1,0,2
53.1868421052632,0,0,244.352222222222,4,1,1,0,2
259.314,0,0,0,5,2,1,0,2
100.446666666667,0,0,259.314,5,2,1,0,2
35.47,0,0,100.446666666667,5,2,1,0,2
0,0,0,0,2,6,1,0,2
0,0,0,0,2,6,1,0,2
11.6231578947368,0,0,0,2,6,1,0,2
0,0,0,0,3,6,0,0,1
376.263333333333,0,0,0,3,6,0,0,1
0,1,0,376.263333333333,3,6,0,0,1
120.894,0,0,0,2,5,1,0,2
0,0,0,120.894,2,5,1,0,2
150.017368421053,0,0,0,2,5,1,0,2
307.97,0,0,0,5,4,1,0,2
500.221111111111,0,0,307.97,5,4,1,0,2
412.533684210526,0,0,500.221111111111,5,4,1,0,2
138.276,0,0,662.175,5,4,1,0,4
212.214444444444,0,0,138.276,5,4,1,0,4
138.598947368421,1,0,212.214444444444,5,4,1,0,4
0,1,1,0,4,4,1,0,2
0,0,1,0,4,4,1,0,2
74.7452631578947,0,0,0,4,4,1,0,2
944.78,1,0,0,5,2,1,0,2
526.145555555556,1,1,944.78,5,2,1,0,2
1072.00736842105,1,1,526.145555555556,5,2,1,0,2
1623.552,0,0,0,8,3,0,0,1
19.7888888888889,0,0,1623.552,8,3,0,0,1
336.008421052632,1,0,19.7888888888889,8,3,0,0,1
425.514,1,1,730.735,6,2,1,1,3
93.7588888888889,0,1,425.514,6,2,1,1,3
559.194210526316,1,0,93.7588888888889,6,2,1,1,3
47.66,0,0,0,4,1,1,1,3
830.055555555556,0,0,47.66,4,1,1,1,3
84.231052631579,0,0,830.055555555556,4,1,1,1,3
16.528,0,0,0,4,4,1,0,2
114.537777777778,0,0,16.528,4,4,1,0,2
354.060526315789,0,0,114.537777777778,4,4,1,0,2
0,0,0,0,4,4,1,0,2
0,0,0,0,4,4,1,0,2
57.1421052631579,0,0,0,4,4,1,0,2
107.002,1,0,0,7,2,1,1,4
247.518888888889,1,1,107.002,7,2,1,1,4
435.444210526316,1,1,247.518888888889,7,2,1,1,4
339.742,0,0,0,6,4,1,0,3
30.7911111111111,0,0,339.742,6,4,1,0,3
193.66052631579,0,0,30.7911111111111,6,4,1,0,3
0,0,0,0,4,5,0,0,1
325.962222222222,0,0,0,4,5,0,0,1
213.119473684211,0,0,325.962222222222,4,5,0,0,1
1371.512,0,0,0,6,3,1,0,2
0,0,0,1371.512,6,3,1,0,2
91.7115789473684,0,0,0,6,3,1,0,2
227.618,0,0,0,5,1,0,0,2
85.1344444444445,0,0,227.618,5,1,0,0,2
221.67,0,0,85.1344444444445,5,1,0,0,2
219.276,0,0,809.635,9,4,0,0,1
513.322222222222,0,0,219.276,9,4,0,0,1
224.067894736842,0,0,513.322222222222,9,4,0,0,1
1799.3,0,0,1214.83,8,4,1,0,5
1224.09666666667,0,0,1799.3,8,4,1,0,5
1244.56210526316,1,0,1224.09666666667,8,4,1,0,5
57.206,1,1,537.325,6,3,1,0,2
352.161111111111,0,1,57.206,6,3,1,0,2
269.848947368421,0,0,352.161111111111,6,3,1,0,2
545.978,0,0,92.43,1,1,0,1,4
418.456666666667,0,0,545.978,1,1,0,1,4
337.153684210526,1,0,418.456666666667,1,1,0,1,4
584.306,0,0,0,5,4,1,0,2
529.787777777778,0,0,584.306,5,4,1,0,2
401.997368421053,1,0,529.787777777778,5,4,1,0,2
0,0,0,0,4,2,1,0,5
0,0,0,0,4,2,1,0,5
93.3805263157895,1,0,0,4,2,1,0,5
823.464,0,0,465.365,1,3,0,0,1
677.884444444444,0,0,823.464,1,3,0,0,1
887.126315789474,1,0,677.884444444444,1,3,0,0,1
395.024,0,0,861.645,6,4,1,0,2
802.237777777778,0,0,395.024,6,4,1,0,2
538.495789473684,1,0,802.237777777778,6,4,1,0,2
331.546,0,0,0,4,2,1,0,3
810.982222222222,0,0,331.546,4,2,1,0,3
160.456842105263,0,0,810.982222222222,4,2,1,0,3
254.108,0,0,0,5,4,1,0,3
52.1633333333333,0,0,254.108,5,4,1,0,3
54.4231578947368,1,0,52.1633333333333,5,4,1,0,3
142.836,0,0,17.81,3,3,0,0,1
365.892222222222,0,0,142.836,3,3,0,0,1
190.395789473684,1,0,365.892222222222,3,3,0,0,1
263.586,0,0,0,4,2,1,0,3
0,0,0,263.586,4,2,1,0,3
184.174210526316,0,0,0,4,2,1,0,3
762.408,1,0,91.365,9,3,1,0,2
533.231111111111,1,1,762.408,9,3,1,0,2
818.694210526316,1,1,533.231111111111,9,3,1,0,2
143.69,0,0,0,1,4,1,0,2
93.68,0,0,143.69,1,4,1,0,2
121.296315789474,0,0,93.68,1,4,1,0,2
431.002,1,1,0,4,5,0,0,1
87.9411111111111,0,1,431.002,4,5,0,0,1
386.213684210526,0,0,87.9411111111111,4,5,0,0,1
260.736,1,0,1661.67,2,2,1,1,4
500.26,1,1,260.736,2,2,1,1,4
172.624736842105,1,1,500.26,2,2,1,1,4
501.318,0,0,228.32,8,4,1,0,5
1668.75555555556,0,0,501.318,8,4,1,0,5
874.377368421053,1,0,1668.75555555556,8,4,1,0,5
783.848,1,0,0,6,4,1,0,4
1649.98888888889,1,1,783.848,6,4,1,0,4
151.102105263158,1,1,1649.98888888889,6,4,1,0,4
149.676,0,0,178.1,4,2,1,0,2
46.2666666666667,0,0,149.676,4,2,1,0,2
438.369473684211,1,0,46.2666666666667,4,2,1,0,2
0,0,0,0,6,6,1,0,2
266.832222222222,0,0,0,6,6,1,0,2
107.871578947368,0,0,266.832222222222,6,6,1,0,2
84.132,0,0,143.905,4,2,1,0,5
0,0,0,84.132,4,2,1,0,5
119.42,0,0,0,4,2,1,0,5
238.866,0,0,1107.775,6,3,1,0,2
677.172222222222,0,0,238.866,6,3,1,0,2
886.706842105263,0,0,677.172222222222,6,3,1,0,2
95.32,0,0,0,7,4,0,0,2
95.2622222222222,0,0,95.32,7,4,0,0,2
81.12,0,0,95.2622222222222,7,4,0,0,2
948.13,0,0,0,10,3,1,0,2
116.555555555556,0,0,948.13,10,3,1,0,2
459.178947368421,0,0,116.555555555556,10,3,1,0,2
588.446,1,0,0,5,1,1,0,3
493.571111111111,1,1,588.446,5,1,1,0,3
724.694736842105,1,1,493.571111111111,5,1,1,0,3
182.66,0,0,823.7,4,6,1,0,2
580.643333333333,0,0,182.66,4,6,1,0,2
704.86,1,0,580.643333333333,4,6,1,0,2
128.444,0,0,0,1,1,0,1,5
0,0,0,128.444,1,1,0,1,5
7.81789473684211,1,0,0,1,1,0,1,5
0,0,0,0,9,4,1,0,2
740.973333333333,0,0,0,9,4,1,0,2
197.727368421053,0,0,740.973333333333,9,4,1,0,2
189.002,0,0,189.855,6,4,1,0,2
33.8388888888889,0,0,189.002,6,4,1,0,2
306.668947368421,0,0,33.8388888888889,6,4,1,0,2
162.996,0,0,0,6,6,1,0,2
312.623333333333,0,0,162.996,6,6,1,0,2
241.276842105263,0,0,312.623333333333,6,6,1,0,2
0,0,0,0,4,4,0,0,2
265.208888888889,0,0,0,4,4,0,0,2
81.5878947368421,0,0,265.208888888889,4,4,0,0,2
0,0,0,0,6,4,1,0,3
615.072222222222,0,0,0,6,4,1,0,3
581.895263157895,0,0,615.072222222222,6,4,1,0,3
33.34,0,0,1875.565,6,6,1,0,2
307.992222222222,0,0,33.34,6,6,1,0,2
479.817894736842,0,0,307.992222222222,6,6,1,0,2
0,0,0,0,9,2,0,0,1
322.755555555556,0,0,0,9,2,0,0,1
68.0710526315789,0,0,322.755555555556,9,2,0,0,1
709.544,0,0,0,4,1,1,1,2
0,0,0,709.544,4,1,1,1,2
154.663157894737,0,0,0,4,1,1,1,2
410.266,0,0,403.575,4,6,1,0,2
478.727777777778,0,0,410.266,4,6,1,0,2
154.833157894737,0,0,478.727777777778,4,6,1,0,2
709.482,0,0,0,4,3,1,0,3
542.77,0,0,709.482,4,3,1,0,3
267.731052631579,1,0,542.77,4,3,1,0,3
776.732,0,0,0,7,3,1,0,2
409.315555555556,0,0,776.732,7,3,1,0,2
11.2105263157895,0,0,409.315555555556,7,3,1,0,2
947.692,0,0,0,5,4,1,0,2
289.665555555556,0,0,947.692,5,4,1,0,2
366.77052631579,0,0,289.665555555556,5,4,1,0,2
316.024,1,0,53.25,3,2,1,0,3
371.672222222222,1,1,316.024,3,2,1,0,3
787.087368421053,1,1,371.672222222222,3,2,1,0,3
374.864,0,0,680.145,5,2,0,0,1
353.665555555556,0,0,374.864,5,2,0,0,1
257.757368421053,1,0,353.665555555556,5,2,0,0,1
193.844,0,0,0,5,3,1,0,2
0,0,0,193.844,5,3,1,0,2
26.0957894736842,0,0,0,5,3,1,0,2
501.24,0,0,0,6,5,0,0,1
204.22,0,0,501.24,6,5,0,0,1
66.4784210526316,0,0,204.22,6,5,0,0,1
570.772,0,0,0,4,3,1,0,5
77.2555555555556,0,0,570.772,4,3,1,0,5
286.832105263158,0,0,77.2555555555556,4,3,1,0,5
133.86,0,0,0,5,5,1,0,2
63.2044444444445,0,0,133.86,5,5,1,0,2
0,0,0,63.2044444444445,5,5,1,0,2
38.542,0,0,62.335,4,3,1,0,2
23.5888888888889,0,0,38.542,4,3,1,0,2
27.3905263157895,0,0,23.5888888888889,4,3,1,0,2
913.294,1,1,700.11,4,1,0,1,1
0,0,1,913.294,4,1,0,1,1
228.903684210526,0,0,0,4,1,0,1,1
0,1,1,163.32,6,3,0,0,3
117.187777777778,0,1,0,6,3,0,0,3
209.202105263158,0,0,117.187777777778,6,3,0,0,3
0,0,0,0,3,3,0,0,1
376.502222222222,0,0,0,3,3,0,0,1
58.4531578947369,0,0,376.502222222222,3,3,0,0,1
655.408,0,0,0,9,5,1,0,2
784.664444444444,0,0,655.408,9,5,1,0,2
491.422631578947,0,0,784.664444444444,9,5,1,0,2
552.174,0,0,0,5,4,1,0,2
48.2055555555556,0,0,552.174,5,4,1,0,2
374.736842105263,0,0,48.2055555555556,5,4,1,0,2
0,0,0,2087.5,5,3,1,0,2
476.673333333333,0,0,0,5,3,1,0,2
228.003684210526,0,0,476.673333333333,5,3,1,0,2
128.16,1,0,895.84,5,2,1,0,3
252.466666666667,1,1,128.16,5,2,1,0,3
316.099473684211,1,1,252.466666666667,5,2,1,0,3
306.826,1,1,344.445,6,3,0,1,1
135.235555555556,0,1,306.826,6,3,0,1,1
1083.10526315789,1,0,135.235555555556,6,3,0,1,1
177.886,0,0,0,5,2,1,0,5
118.972222222222,0,0,177.886,5,2,1,0,5
185.597894736842,1,0,118.972222222222,5,2,1,0,5
187.86,0,0,0,5,5,1,0,2
518.426666666667,0,0,187.86,5,5,1,0,2
342.548421052632,0,0,518.426666666667,5,5,1,0,2
398.442,0,0,0,8,3,1,0,5
41.0422222222222,0,0,398.442,8,3,1,0,5
295.101052631579,0,0,41.0422222222222,8,3,1,0,5
811.21,1,1,3020.915,3,2,0,0,3
700.317777777778,0,1,811.21,3,2,0,0,3
1211.41157894737,0,0,700.317777777778,3,2,0,0,3
430.29,1,0,0,5,4,1,0,3
66.6088888888889,1,1,430.29,5,4,1,0,3
566.539473684211,1,1,66.6088888888889,5,4,1,0,3
706.062,1,0,1416.59,3,4,1,1,2
272.571111111111,1,1,706.062,3,4,1,1,2
756.793157894737,1,1,272.571111111111,3,4,1,1,2
298.852,0,0,1367.65,6,4,1,0,2
201.608888888889,0,0,298.852,6,4,1,0,2
463.623157894737,0,0,201.608888888889,6,4,1,0,2
206.236,0,0,229.035,7,3,1,0,5
224.326666666667,0,0,206.236,7,3,1,0,5
29.2457894736842,0,0,224.326666666667,7,3,1,0,5
560.936,1,1,0,8,2,0,0,2
0,0,1,560.936,8,2,0,0,2
31.8326315789474,0,0,0,8,2,0,0,2
0,1,1,0,6,3,0,0,1
270.514444444444,0,1,0,6,3,0,0,1
175.623684210526,0,0,270.514444444444,6,3,0,0,1
350.354,0,0,839.02,4,3,0,1,2
839.836666666667,0,0,350.354,4,3,0,1,2
343.582631578947,0,0,839.836666666667,4,3,0,1,2
0,0,0,0,3,3,1,0,5
138.522222222222,0,0,0,3,3,1,0,5
139.554736842105,0,0,138.522222222222,3,3,1,0,5
288.808,0,0,0,2,4,1,0,2
63.9966666666667,0,0,288.808,2,4,1,0,2
284.49,0,0,63.9966666666667,2,4,1,0,2
0,0,0,0,4,3,1,0,2
0,0,0,0,4,3,1,0,2
146.284736842105,0,0,0,4,3,1,0,2
80.288,0,0,0,8,2,0,0,2
89.2066666666667,0,0,80.288,8,2,0,0,2
196.639473684211,0,0,89.2066666666667,8,2,0,0,2
32.058,0,0,0,6,5,1,0,2
40.4877777777778,0,0,32.058,6,5,1,0,2
94.0168421052632,0,0,40.4877777777778,6,5,1,0,2
239.932,1,1,0,5,5,1,0,2
30.3955555555556,0,1,239.932,5,5,1,0,2
96.7736842105263,0,0,30.3955555555556,5,5,1,0,2
0,1,0,0,7,2,1,0,3
139.432222222222,1,1,0,7,2,1,0,3
231.773157894737,1,1,139.432222222222,7,2,1,0,3
84.562,0,0,142.125,1,4,1,0,3
436.977777777778,0,0,84.562,1,4,1,0,3
307.494736842105,0,0,436.977777777778,1,4,1,0,3
0,0,0,0,8,5,1,0,2
242.802222222222,0,0,0,8,5,1,0,2
210.569473684211,0,0,242.802222222222,8,5,1,0,2
393.742,1,0,0,4,3,1,0,2
341.952222222222,1,1,393.742,4,3,1,0,2
861.886842105263,1,1,341.952222222222,4,3,1,0,2
71.168,1,1,0,3,4,1,0,2
237.942222222222,0,1,71.168,3,4,1,0,2
126.319473684211,1,0,237.942222222222,3,4,1,0,2
117.472,1,1,296.715,7,4,0,0,1
741.565555555556,0,1,117.472,7,4,0,0,1
490.446842105263,1,0,741.565555555556,7,4,0,0,1
55.566,0,0,0,1,3,1,0,3
156.213333333333,0,0,55.566,1,3,1,0,3
0,0,0,156.213333333333,1,3,1,0,3
0,0,0,0,5,4,1,0,2
81.2133333333333,0,0,0,5,4,1,0,2
173.283157894737,0,0,81.2133333333333,5,4,1,0,2
0,0,0,850.78,2,3,1,0,5
448.417777777778,0,0,0,2,3,1,0,5
903.043157894737,1,0,448.417777777778,2,3,1,0,5
205.954,0,0,0,4,6,1,0,2
160.847777777778,0,0,205.954,4,6,1,0,2
136.5,0,0,160.847777777778,4,6,1,0,2
380.28,0,0,0,10,5,1,0,2
207.504444444444,0,0,380.28,10,5,1,0,2
269.792105263158,0,0,207.504444444444,10,5,1,0,2
0,1,1,1053.28,6,3,1,0,5
0,0,1,0,6,3,1,0,5
82.9378947368421,0,0,0,6,3,1,0,5
63.972,1,1,0,8,3,1,0,2
184.034444444444,0,1,63.972,8,3,1,0,2
452.369473684211,1,0,184.034444444444,8,3,1,0,2
264.654,1,0,0,4,4,1,0,5
364.907777777778,1,1,264.654,4,4,1,0,5
237.639473684211,1,1,364.907777777778,4,4,1,0,5
1466.332,0,0,0,9,3,1,0,5
464.086666666667,0,0,1466.332,9,3,1,0,5
500.833684210526,1,0,464.086666666667,9,3,1,0,5
264.37,0,0,0,6,3,1,0,5
893.151111111111,0,0,264.37,6,3,1,0,5
395.342105263158,1,0,893.151111111111,6,3,1,0,5
149.46,1,1,0,4,5,0,0,2
237.821111111111,0,1,149.46,4,5,0,0,2
118.651578947368,0,0,237.821111111111,4,5,0,0,2
131.936,1,0,682.825,5,2,1,0,4
715.843333333333,1,1,131.936,5,2,1,0,4
401.661578947368,1,1,715.843333333333,5,2,1,0,4
28.496,0,0,0,5,2,0,0,1
431.437777777778,0,0,28.496,5,2,0,0,1
46.0615789473684,0,0,431.437777777778,5,2,0,0,1
178.738,0,0,1150.7,7,5,1,0,2
395.3,0,0,178.738,7,5,1,0,2
242.363684210526,0,0,395.3,7,5,1,0,2
274.488,0,0,0,6,2,1,0,3
165.908888888889,0,0,274.488,6,2,1,0,3
320.147894736842,1,0,165.908888888889,6,2,1,0,3
229.464,0,0,0,4,5,1,0,4
0,0,0,229.464,4,5,1,0,4
169.044736842105,0,0,0,4,5,1,0,4
19.164,0,0,0,4,4,1,0,2
208.336666666667,0,0,19.164,4,4,1,0,2
213.942631578947,1,0,208.336666666667,4,4,1,0,2
652.556,0,0,712.58,5,4,1,0,2
182.097777777778,0,0,652.556,5,4,1,0,2
563.263684210526,1,0,182.097777777778,5,4,1,0,2
161.286,0,0,0,5,2,0,0,1
0,0,0,161.286,5,2,0,0,1
104.160526315789,0,0,0,5,2,0,0,1
0,0,0,0,4,4,1,0,3
63.4444444444445,0,0,0,4,4,1,0,3
0,0,0,63.4444444444445,4,4,1,0,3
0,0,0,0,7,5,1,0,3
0,0,0,0,7,5,1,0,3
0,0,0,0,7,5,1,0,3
0,0,0,0,6,4,1,0,2
0,0,0,0,6,4,1,0,2
0,0,0,0,6,4,1,0,2
0,0,0,54.675,3,6,1,0,2
466.264444444445,0,0,0,3,6,1,0,2
367.448947368421,0,0,466.264444444445,3,6,1,0,2
0,0,0,0,4,6,0,0,2
192.15,0,0,0,4,6,0,0,2
174.106842105263,1,0,192.15,4,6,0,0,2
711.684,0,0,0,5,3,1,0,4
580.685555555556,0,0,711.684,5,3,1,0,4
490.054736842105,1,0,580.685555555556,5,3,1,0,4
0,0,0,0,5,2,1,0,2
158.311111111111,0,0,0,5,2,1,0,2
944.427368421053,1,0,158.311111111111,5,2,1,0,2
508.228,1,1,53.25,3,5,0,0,1
452.412222222222,0,1,508.228,3,5,0,0,1
196.826842105263,0,0,452.412222222222,3,5,0,0,1
686.106,0,0,0,3,3,0,0,1
134.798888888889,0,0,686.106,3,3,0,0,1
354.037368421053,0,0,134.798888888889,3,3,0,0,1
630.396,0,0,0,5,4,1,0,2
522.941111111111,0,0,630.396,5,4,1,0,2
102.229473684211,1,0,522.941111111111,5,4,1,0,2
530.59,1,1,276.77,4,2,1,1,5
7.87555555555556,0,1,530.59,4,2,1,1,5
227.143157894737,0,0,7.87555555555556,4,2,1,1,5
187.502,1,1,0,2,3,0,0,1
33.1655555555556,0,1,187.502,2,3,0,0,1
142.741578947368,0,0,33.1655555555556,2,3,0,0,1
0,0,0,167.95,4,6,0,0,1
74.7222222222222,0,0,0,4,6,0,0,1
144.801052631579,0,0,74.7222222222222,4,6,0,0,1
347.08,0,0,0,12,1,0,0,1
221.753333333333,0,0,347.08,12,1,0,0,1
175.679473684211,1,0,221.753333333333,12,1,0,0,1
912.224,0,0,0,11,3,1,0,2
113.627777777778,0,0,912.224,11,3,1,0,2
4.68684210526316,0,0,113.627777777778,11,3,1,0,2
1121.518,0,0,85.13,9,2,0,0,1
315.234444444445,0,0,1121.518,9,2,0,0,1
205.731052631579,1,0,315.234444444445,9,2,0,0,1
0,0,0,0,1,6,1,0,2
332.61,0,0,0,1,6,1,0,2
437.39052631579,0,0,332.61,1,6,1,0,2
0,1,1,0,5,4,1,0,2
483.874444444444,0,1,0,5,4,1,0,2
317.409473684211,0,0,483.874444444444,5,4,1,0,2
0,0,0,0,5,4,1,0,4
665.456666666667,0,0,0,5,4,1,0,4
1118.59578947368,0,0,665.456666666667,5,4,1,0,4
352.354,0,0,0,12,4,1,0,2
270.91,0,0,352.354,12,4,1,0,2
433.925263157895,1,0,270.91,12,4,1,0,2
427.44,0,0,307.935,4,2,0,0,1
178.1,0,0,427.44,4,2,0,0,1
950.237894736842,0,0,178.1,4,2,0,0,1
558.518,0,0,241.685,4,5,1,0,2
187.874444444444,0,0,558.518,4,5,1,0,2
142.311052631579,0,0,187.874444444444,4,5,1,0,2
71.452,0,0,0,10,5,0,0,1
104.997777777778,0,0,71.452,10,5,0,0,1
17.7157894736842,0,0,104.997777777778,10,5,0,0,1
1387.606,0,0,0,12,4,1,0,2
0,0,0,1387.606,12,4,1,0,2
834.589473684211,1,0,0,12,4,1,0,2
0,0,0,552.11,3,4,0,1,4
434.363333333333,0,0,0,3,4,0,1,4
684.894736842105,0,0,434.363333333333,3,4,0,1,4
178.1,0,0,0,4,3,0,1,1
1031.75,0,0,178.1,4,3,0,1,1
577.885789473684,1,0,1031.75,4,3,0,1,1
276.052,0,0,0,5,6,1,0,2
0,0,0,276.052,5,6,1,0,2
146.285263157895,0,0,0,5,6,1,0,2
0,0,0,0,4,3,1,0,3
0,0,0,0,4,3,1,0,3
63.2715789473684,0,0,0,4,3,1,0,3
76.51,0,0,603.04,5,4,0,0,1
374.877777777778,0,0,76.51,5,4,0,0,1
157.122105263158,1,0,374.877777777778,5,4,0,0,1
0,0,0,623.53,6,4,1,0,3
270.592222222222,0,0,0,6,4,1,0,3
214.805789473684,0,0,270.592222222222,6,4,1,0,3
932.102,1,1,253.08,12,4,1,0,2
210.95,0,1,932.102,12,4,1,0,2
546.931578947369,1,0,210.95,12,4,1,0,2
0,0,0,0,8,4,1,0,2
232.834444444444,0,0,0,8,4,1,0,2
163.907894736842,0,0,232.834444444444,8,4,1,0,2
1120.102,1,1,2308.34,5,3,1,0,5
1072.43333333333,1,1,1120.102,5,3,1,0,5
114.341052631579,1,1,1072.43333333333,5,3,1,0,5
0,1,1,0,5,3,1,0,2
70.1322222222222,0,1,0,5,3,1,0,2
178.342105263158,0,0,70.1322222222222,5,3,1,0,2
0,0,0,0,4,3,1,0,5
198.638888888889,0,0,0,4,3,1,0,5
390.840526315789,0,0,198.638888888889,4,3,1,0,5
891.562,0,0,812.495,6,4,1,0,2
776.195555555556,0,0,891.562,6,4,1,0,2
795.126842105263,1,0,776.195555555556,6,4,1,0,2
62.194,0,0,87.27,3,4,1,0,2
134.207777777778,0,0,62.194,3,4,1,0,2
174.612631578947,1,0,134.207777777778,3,4,1,0,2
419.462,1,0,0,5,2,0,0,1
332.651111111111,1,1,419.462,5,2,0,0,1
711.067894736842,1,1,332.651111111111,5,2,0,0,1
0,0,0,1381.87,3,4,1,1,2
823.886666666667,0,0,0,3,4,1,1,2
360.661052631579,0,0,823.886666666667,3,4,1,1,2
211.582,0,0,811.065,1,2,1,0,2
562.56,0,0,211.582,1,2,1,0,2
268.704736842105,0,0,562.56,1,2,1,0,2
0,0,0,2202.91,5,2,1,0,5
501.488888888889,0,0,0,5,2,1,0,5
354.174736842105,1,0,501.488888888889,5,2,1,0,5
0,0,0,0,5,2,1,0,2
339.258888888889,0,0,0,5,2,1,0,2
13.1784210526316,0,0,339.258888888889,5,2,1,0,2
62.62,0,0,0,3,3,1,0,3
1650.23111111111,0,0,62.62,3,3,1,0,3
320.90052631579,0,0,1650.23111111111,3,3,1,0,3
185.008,1,1,0,8,2,1,0,3
146.118888888889,0,1,185.008,8,2,1,0,3
261.524736842105,1,0,146.118888888889,8,2,1,0,3
241.074,0,0,0,7,4,1,0,2
454.352222222222,0,0,241.074,7,4,1,0,2
433.964210526316,0,0,454.352222222222,7,4,1,0,2
0,0,0,0,1,6,1,0,2
0,0,0,0,1,6,1,0,2
161.956842105263,0,0,0,1,6,1,0,2
281.752,1,1,0,9,4,1,0,5
159.853333333333,1,1,281.752,9,4,1,0,5
299.621052631579,1,1,159.853333333333,9,4,1,0,5
647.006,0,0,185.045,5,3,1,0,3
473.508888888889,0,0,647.006,5,3,1,0,3
456.177368421053,1,0,473.508888888889,5,3,1,0,3
0,0,0,1157.105,8,3,1,0,5
850.765555555556,0,0,0,8,3,1,0,5
68.8205263157895,0,0,850.765555555556,8,3,1,0,5
107.288,0,0,0,3,3,1,0,2
333.238888888889,0,0,107.288,3,3,1,0,2
547.643684210526,0,0,333.238888888889,3,3,1,0,2
51.65,0,0,380.6,5,4,1,0,2
609.653333333333,0,0,51.65,5,4,1,0,2
503.084736842105,0,0,609.653333333333,5,4,1,0,2
0,0,0,0,5,4,0,0,1
234.968888888889,0,0,0,5,4,0,0,1
110.852105263158,0,0,234.968888888889,5,4,0,0,1
190.07,0,0,0,3,4,0,0,2
801.13,0,0,190.07,3,4,0,0,2
561.651578947368,0,0,801.13,3,4,0,0,2
128.944,1,1,1407.345,6,3,1,0,3
756.724444444444,0,1,128.944,6,3,1,0,3
641.455263157895,1,0,756.724444444444,6,3,1,0,3
33.91,0,0,0,6,4,0,0,1
73.8122222222222,0,0,33.91,6,4,0,0,1
25.5526315789474,0,0,73.8122222222222,6,4,0,0,1
600.698,0,0,0,3,3,0,0,1
318.121111111111,0,0,600.698,3,3,0,0,1
236.777894736842,0,0,318.121111111111,3,3,0,0,1
260.098,1,1,133.215,4,4,0,0,1
313.571111111111,0,1,260.098,4,4,0,0,1
227.537368421053,0,0,313.571111111111,4,4,0,0,1
1795.95,1,0,0,5,3,1,0,2
777.421111111111,1,1,1795.95,5,3,1,0,2
478.862631578947,1,1,777.421111111111,5,3,1,0,2
732.27,0,0,0,6,4,1,0,3
0,0,0,732.27,6,4,1,0,3
226.898421052632,0,0,0,6,4,1,0,3
